<?xml version="1.0" encoding="utf-8" ?>

<airports
        xmlns="http://www.github.com/bryanvullo/RunwayRedeclaration"
        xmlns:xsi="http://www.w3.org/2001/XMLSchema-instance"
        xsi:schemaLocation="http://www.github.com/bryanvullo/RunwayRedeclaration airportSchema.xsd">
    <airport>
        <name>Heathrow</name>
        <runways>
            <runway>
                <name>09L/27R</name> <!-- Runway name ie. (09L/27R)-->
                <logicalRunway dir="left">
                    <name>09L</name> <!-- Logical runway name ie. (09L) -->
                    <tora>3902</tora>
                    <toda>3902</toda>
                    <asda>3902</asda>
                    <lda>3595</lda>
                    <clearway>0</clearway>
                    <stopway>0</stopway>
                    <displacedThreshold>306</displacedThreshold>
                </logicalRunway>
                <logicalRunway dir="right">
                    <name>27R</name>
                    <tora>3884</tora>
                    <toda>3962</toda>
                    <asda>3884</asda>
                    <lda>3884</lda>
                    <clearway>78</clearway>
                    <stopway>0</stopway>
                    <displacedThreshold>0</displacedThreshold>
                </logicalRunway>
            </runway>
            <runway>
                <name>09R/27L</name>
                <logicalRunway dir="right">
                    <name>09R</name>
                    <tora>3660</tora>
                    <toda>3660</toda>
                    <asda>3660</asda>
                    <lda>3595</lda>
                    <clearway>0</clearway>
                    <stopway>0</stopway>
                    <displacedThreshold>307</displacedThreshold>
                </logicalRunway>
                <logicalRunway dir="left">
                    <name>27L</name>
                    <tora>3660</tora>
                    <toda>3660</toda>
                    <asda>3660</asda>
                    <lda>3660</lda>
                    <clearway>0</clearway>
                    <stopway>0</stopway>
                    <displacedThreshold>0</displacedThreshold>
                </logicalRunway>
            </runway>
        </runways>
    </airport>
    <airport>
        <name>Gatwick</name>
        <runways>
            <runway>
                <name>08R/26L</name>
                <logicalRunway dir="right">
                    <name>08R</name>
                    <tora>3159</tora>
                    <toda>3311</toda>
                    <asda>3233</asda>
                    <lda>2765</lda>
                    <clearway>144</clearway>
                    <stopway>74</stopway>
                    <displacedThreshold>393</displacedThreshold>
                </logicalRunway>
                <logicalRunway dir="left">
                    <name>26L</name>
                    <tora>3255</tora>
                    <toda>3399</toda>
                    <asda>3317</asda>
                    <lda>2830</lda>
                    <clearway>152</clearway>
                    <stopway>61</stopway>
                    <displacedThreshold>424</displacedThreshold>
                </logicalRunway>
            </runway>
            <runway>
                <name>08L/26R</name>
                <logicalRunway dir="left">
                    <name>08L</name>
                    <tora>2561</tora>
                    <toda>3040</toda>
                    <asda>2561</asda>
                    <lda>2241</lda>
                    <clearway>142</clearway>
                    <stopway>0</stopway>
                    <displacedThreshold>322</displacedThreshold>
                </logicalRunway>
                <logicalRunway dir="right">
                    <name>26R</name>
                    <tora>2515</tora>
                    <toda>2657</toda>
                    <asda>2515</asda>
                    <lda>2146</lda>
                    <clearway>479</clearway>
                    <stopway>0</stopway>
                    <displacedThreshold>417</displacedThreshold>
                </logicalRunway>
            </runway>
        </runways>
    </airport>
    <airport>
        <name>Stansted</name>
        <runways>
            <runway>
                <name>04/22</name>
                <logicalRunway dir="left">
                    <name>04</name>
                    <tora>3049</tora>
                    <toda>3338</toda>
                    <asda>3049</asda>
                    <lda>2748</lda>
                    <clearway>292</clearway>
                    <stopway>0</stopway>
                    <displacedThreshold>300</displacedThreshold>
                </logicalRunway>
                <logicalRunway dir="right">
                    <name>22</name>
                    <tora>3049</tora>
                    <toda>3316</toda>
                    <asda>3049</asda>
                    <lda>3049</lda>
                    <clearway>267</clearway>
                    <stopway>0</stopway>
                    <displacedThreshold>0</displacedThreshold>
                </logicalRunway>
            </runway>
        </runways>
    </airport>
    <airport>
        <name>Birmingham</name>
        <runways>
            <runway>
                <name>15/33</name>
                <logicalRunway dir="left">
                    <name>15</name>
                    <tora>3003</tora>
                    <toda>3063</toda>
                    <asda>3003</asda>
                    <lda>2580</lda>
                    <clearway>60</clearway>
                    <stopway>0</stopway>
                    <displacedThreshold>326</displacedThreshold>
                </logicalRunway>
                <logicalRunway dir="right">
                    <name>33</name>
                    <tora>3003</tora>
                    <toda>3196</toda>
                    <asda>3003</asda>
                    <lda>2449</lda>
                    <clearway>193</clearway>
                    <stopway>0</stopway>
                    <displacedThreshold>411</displacedThreshold>
                </logicalRunway>
            </runway>
        </runways>
    </airport>
    <airport>
        <name>Luton</name>
        <runways>
            <runway>
                <name>07/25</name>
                <logicalRunway dir="left">
                    <name>07</name>
                    <tora>2162</tora>
                    <toda>3243</toda>
                    <asda>2162</asda>
                    <lda>2162</lda>
                    <clearway>1081</clearway>
                    <stopway>0</stopway>
                    <displacedThreshold>0</displacedThreshold>
                </logicalRunway>
                <logicalRunway dir="right">
                    <name>25</name>
                    <tora>2162</tora>
                    <toda>3243</toda>
                    <asda>2219</asda>
                    <lda>2080</lda>
                    <clearway>1081</clearway>
                    <stopway>57</stopway>
                    <displacedThreshold>82</displacedThreshold>
                </logicalRunway>
            </runway>
        </runways>
    </airport>
</airports>